Writing user,03.05.2021-15:48:28
Writing product,03.05.2021-15:48:28
Writing product,03.05.2021-15:48:28
Writing user,06.05.2021-21:51:20
Writing product,06.05.2021-21:51:20
Writing product,06.05.2021-21:51:20
Login - Ionescu Andrei,06.05.2021-21:52:02
Writing user,07.05.2021-11:46:37
Writing product,07.05.2021-11:46:37
Writing product,07.05.2021-11:46:37
Writing user,07.05.2021-11:47:54
Writing product,07.05.2021-11:47:54
Writing product,07.05.2021-11:47:54
Writing user,07.05.2021-11:49:40
Writing product,07.05.2021-11:49:40
Writing product,07.05.2021-11:49:40
Login - Tomescu Ioana,07.05.2021-11:55:14
Writing user,07.05.2021-11:57:30
Writing product,07.05.2021-11:57:30
Writing product,07.05.2021-11:57:30
Login - Tomescu Ioana,07.05.2021-11:57:48
Writing user,07.05.2021-12:00:05
Writing product,07.05.2021-12:00:05
Writing product,07.05.2021-12:00:05
Login - Tomescu Ioana,07.05.2021-12:00:20
Writing user,07.05.2021-12:09:43
Writing product,07.05.2021-12:09:43
Writing product,07.05.2021-12:09:43
Login - Albu Dragos,07.05.2021-12:10:36
Writing user,07.05.2021-12:14:25
Writing product,07.05.2021-12:14:25
Writing product,07.05.2021-12:14:25
Login - Albu Dragos,07.05.2021-12:15:12
Writing user,07.05.2021-12:16:22
Writing product,07.05.2021-12:16:22
Writing product,07.05.2021-12:16:22
Login - Albu Dragos,07.05.2021-12:16:34
Writing user,07.05.2021-12:17:59
Writing product,07.05.2021-12:17:59
Writing product,07.05.2021-12:17:59
Login - Albu Dragos,07.05.2021-12:18:19
Writing user,07.05.2021-12:22:05
Writing product,07.05.2021-12:22:05
Writing product,07.05.2021-12:22:05
Login - Albu Dragos,07.05.2021-12:22:21
Writing user,07.05.2021-12:29:25
Writing product,07.05.2021-12:29:25
Writing product,07.05.2021-12:29:25
Login - Albu Dragos,07.05.2021-12:29:48
Writing user,07.05.2021-12:43:57
Writing product,07.05.2021-12:43:57
Writing product,07.05.2021-12:43:57
Login - Albu Dragos,07.05.2021-12:44:19
Writing user,07.05.2021-12:54:54
Writing product,07.05.2021-12:54:54
Writing product,07.05.2021-12:54:54
Login - Albu Dragos,07.05.2021-12:55:17
Writing user,07.05.2021-12:58:40
Writing product,07.05.2021-12:58:40
Writing product,07.05.2021-12:58:40
Login - Albu Dragos,07.05.2021-12:59:03
Create order - Albu Dragos,07.05.2021-12:59:49
Display Orders- Albu Dragos,07.05.2021-13:00:41
Writing user,07.05.2021-13:31:22
Writing product,07.05.2021-13:31:22
Writing product,07.05.2021-13:31:22
Login - Albu Dragos,07.05.2021-13:31:44
Create order - Albu Dragos,07.05.2021-13:32:20
Display Orders- Albu Dragos,07.05.2021-13:32:23
Display Orders- Albu Dragos,07.05.2021-13:32:34
Writing user,07.05.2021-19:50:33
Writing product,07.05.2021-19:50:33
Writing product,07.05.2021-19:50:33
Login - Cristea Calin,07.05.2021-19:51:48
Writing user,07.05.2021-19:58:18
Writing product,07.05.2021-19:58:18
Writing product,07.05.2021-19:58:18
Login - Anghelina Marian,07.05.2021-20:01:01
Writing user,07.05.2021-20:03:09
Writing product,07.05.2021-20:03:09
Writing product,07.05.2021-20:03:09
Login - Anghelina Marian,07.05.2021-20:03:29
Show Income - Anghelina Marian,07.05.2021-20:03:37
SignUp - fggd,07.05.2021-20:04:23
Writing user,07.05.2021-20:45:01
Writing product,07.05.2021-20:45:01
Writing product,07.05.2021-20:45:01
Writing user,07.05.2021-20:45:14
Writing product,07.05.2021-20:45:14
Writing product,07.05.2021-20:45:14
Writing user,07.05.2021-20:45:44
SignUp - fsgfsg,07.05.2021-20:45:44
Writing user,07.05.2021-20:48:34
Writing product,07.05.2021-20:48:34
Writing product,07.05.2021-20:48:35
Writing user,07.05.2021-20:48:57
SignUp - sgfgfg,07.05.2021-20:48:57
Writing user,07.05.2021-20:55:21
Writing product,07.05.2021-20:55:22
Writing product,07.05.2021-20:55:22
Writing user,07.05.2021-20:56:05
Writing product,07.05.2021-20:56:05
Writing product,07.05.2021-20:56:05
Writing user,07.05.2021-21:10:19
Writing product,07.05.2021-21:10:19
Writing product,07.05.2021-21:10:19
Writing user,07.05.2021-21:11:43
Writing product,07.05.2021-21:11:44
Writing product,07.05.2021-21:11:44
Writing user,07.05.2021-21:20:21
Writing product,07.05.2021-21:20:21
Writing product,07.05.2021-21:20:21
Writing user,07.05.2021-21:27:50
Writing product,07.05.2021-21:27:50
Writing product,07.05.2021-21:27:50
